<?xml version="1.0" encoding="UTF-8"?>

<!DOCTYPE mapper
PUBLIC "-//mybatis.org//DTD Mapper 3.0//EN"
"http://mybatis.org/dtd/mybatis-3-mapper.dtd">

<mapper namespace="dev">

	<!-- member -->
	<select id="selectZiplist" resultType="zip_bean"
		parameterType="String">
		select * from ziptab where area3 like
		CONCAT('%',#{area3},'%')
	</select>

	<select id="checkid" resultType="String" parameterType="String">
		select
		member_id from member where member_id =
		#{member_id}
	</select>
	<!--  추가 -->
	<select id="checkemail" resultType="String" parameterType="String">
		select
		member_email from member where member_email =
		#{member_email}
	</select>
	<!--  추가 -->
	<select id="checkphone" resultType="String" parameterType="String">
		select
		member_phone from member where member_phone =
		#{member_phone}
	</select>

	<!-- 수정/삭제시 비밀번호 확인 -->
	<select id="checkpwd" resultType="String"
		parameterType="member_bean">
		select
		member_pwd from member where member_id =
		#{member_id} and member_pwd =
		#{member_pwd}
	</select>

	<select id="checkAll" resultType="member_dto"
		parameterType="member_bean">
		SELECT * FROM member WHERE member_id = #{member_id} OR
		member_email = #{member_email}
		OR member_phone = #{member_phone}
	</select>

	<select id="loginCheck" resultType="member_dto"
		parameterType="member_bean">
		select member_id, member_pwd from member where
		member_id=#{member_id} and member_pwd=#{member_pwd}
	</select>

	<select id="maxNum" resultType="String">
		select max(member_no) from member
	</select>

	<select id="getMember" resultType="member_dto"
		parameterType="String">
		select * from member where member_id=#{member_id}
	</select>

	<insert id="insertMember" parameterType="member_bean"
		useGeneratedKeys="true" keyProperty="member_no">
		INSERT INTO member
		VALUES(#{member_no},#{member_name},#{member_id},
		#{member_pwd},#{member_birth},#{member_gender},
		#{zipcode},#{member_address},#{member_phone},
		#{member_email},#{member_date})
	</insert>

	<!-- 10.11 추가 -->
	<select id="findMemberInfo" parameterType="member_bean"
		resultType="member_dto">
		SELECT * FROM member WHERE member_id = #{member_id} AND
		${searchCategory} = #{searchValue}
	</select>

	<update id="changeMemberPwd" parameterType="member_bean">
		UPDATE member SET
		member_pwd = #{member_pwd} WHERE member_id = #{member_id}
	</update>

	<!-- 회원정보 수정 -->
	<update id="memberUpdate" parameterType="member_bean">
		update member set
		member_address=#{member_address},member_pwd=#{member_pwd},
		member_phone=#{member_phone},member_email=#{member_email} where
		member_id=#{member_id}
	</update>

	<!--회원탈퇴 -->
	<delete id="memberDelete" parameterType="member_bean">
		delete from member where
		member_id=#{member_id}
	</delete>


	<!-- emp -->
	<select id="enterAll" resultType="enter_dto">
		select * from enter inner join
		emp on enter_no = enter_num order by emp_readcnt desc limit 6
	</select>

	<select id="empAll" resultType="emp_dto">
		select * from emp order by
		emp_readcnt desc limit 6
	</select>

	<select id="searchEmp_dt" parameterType="String"
		resultType="dt_dto">
		select * from emp_dt inner join emp on emp_no=emp_num inner
		join enter on enter_no=enter_num where emp_name
		like
		concat('%',#{ener_name},'%')
	</select>

	<update id="count" parameterType="String">
		update emp set emp_readcnt =
		emp_readcnt + 1 where emp_name = #{emp_name}
	</update>
	
	<!-- apply -->
	<select id="applyResume" parameterType="String" resultType="apply_dto">
	select * from member inner join resume on member_no = member_num where
	member_id = #{member_id} ORDER BY resume_no DESC
	</select>
	
	<insert id="apply" parameterType="emp_app_bean" >
	 insert into apply(member_num,resume_num,emp_num) 
	values((select member_no from member where member_id = #{member_id}),
	(select resume_no from resume where resume_no=#{resume_no}),
	(select emp_no from emp where emp_no =#{emp_no}))
<!-- 	INSERT INTO apply VALUES (#{apply_no},#{member_id},#{resume_no},#{emp_no}) -->
	</insert>

	<select id="searchOne_emp" parameterType="String"
		resultType="emp_dto">
		select * from emp where emp_name = #{emp_name}
	</select>

	<select id="searchOne_enter" parameterType="String"
		resultType="enter_dto">
		select * from enter inner join emp on enter_no=enter_num
		where emp_name =
		#{emp_name}
	</select>

	<select id="searchOne_empdt" parameterType="String"
		resultType="dt_dto">
		select * from emp_dt inner join emp on emp_no=emp_num where
		emp_name =
		#{emp_name}
	</select>

	<select id="searchenter" parameterType="String"
		resultType="enter_dto">
		select * from enter where enter_name like
		concat('%',#{enter_name},'%')
	</select>

	<select id="searchem" parameterType="String"
		resultType="emp_dto">
		select * from emp where enter_num in (select enter_no from
		enter where
		enter_name like concat('%',#{enter_name},'%'))
	</select>


	<!-- enter -->
	<select id="selectEnterList" parameterType="enter_bean"
		resultType="enter_dto">
		SELECT enter_no, enter_name, enter_img, enter_industry,
		(select count(*) from review where enter_num = e.enter_no
		and
		review_category = 'interview') enter_interview,
		(select count(*) from
		review where enter_num = e.enter_no
		and review_category = 'review')
		enter_review,
		(select count(*) from review where enter_num = e.enter_no
		and review_category = 'success') enter_success,
		(select
		avg(review_rate) from review where enter_num = e.enter_no
		and
		review_category = 'interview') avg
		from enter e LEFT JOIN review ON
		enter_num = enter_no
		WHERE ${searchCategory} LIKE
		CONCAT('%',#{searchValue},'%') group by
		enter_no
	</select>

	<select id="enterToday" resultType="enter_dto">
		SELECT enter_no, enter_name, enter_img, enter_industry,
		(select count(*) from
		review where enter_num = e.enter_no
		and
		review_category = 'interview')
		enter_interview,
		(select count(*) from
		review where enter_num =
		e.enter_no
		and review_category = 'review')
		enter_review,
		(select count(*)
		from review where enter_num = e.enter_no
		and review_category =
		'success') enter_success,
		(select
		avg(review_rate) from review where
		enter_num = e.enter_no
		and
		review_category = 'interview') avg, (select
		count(*) from	
		review where enter_num = e.enter_no) count
		from enter e LEFT JOIN review ON
		enter_num = enter_no
		GROUP BY enter_no ORDER BY avg DESC LIMIT 5
	</select>
	<select id="selectReviewList" parameterType="review_bean"
		resultType="review_dto">
		SELECT * FROM review
		WHERE enter_num =
		#{enter_no} AND
		review_category = #{review_category} ORDER
		BY
		review_rate DESC
	</select>

	<select id="selectEnterToday" resultType="enter_dto">
		SELECT enter_img,
		enter_name, enter_industry, (SELECT COUNT(*) FROM review
		WHERE
		review_category = 'review' and enter_no = #{nameValue})
		enter_review,
		(SELECT COUNT(*) FROM review WHERE review_category =
		'interview' and
		enter_no = #{nameValue}) enter_interview, (SELECT
		COUNT(*) FROM review
		WHERE review_category = 'success' and enter_no =
		#{nameValue})
		enter_success FROM enter ORDER BY 별점 join해야되나? LIMIT 5
	</select>

	<select id="selectEnterDetail" parameterType="String"
		resultType="enter_dto">
		select enter_no, enter_img, enter_name, enter_url, expl
		from enter
		where enter_no=#{enter_no}
	</select>

	<select id="selectEnterApply" parameterType="String"
		resultType="emp_dto">
		SELECT * FROM emp WHERE enter_num = #{enter_no}
	</select>

	<insert id="insertReview" parameterType="review_bean"
		useGeneratedKeys="true" keyProperty="review_no">
		INSERT INTO review
		VALUES(#{review_no},#{review_id},#{review_title},#{review_category},#{review_cont},#{review_ip},#{review_date},#{review_like},#{review_rate},#{enter_no})
	</insert>


	<delete id="deleteReview" parameterType="String">
		DELETE FROM review WHERE
		review_no = #{review_no}
	</delete>


	<!-- community -->

	<select id="selectList" resultType="community_dto">
		select * from community order
		by community_gnum desc, community_onum asc
	</select>

	<select id="searchList" parameterType="community_bean"
		resultType="community_dto">
		select * from community
		where ${searchName} like
		concat('%',#{searchValue},'%')
		order by community_gnum desc,
		community_onum asc
	</select>

	<select id="selectOne" parameterType="string"
		resultType="community_dto">
		select
		* from community where community_no=#{community_no}
	</select>


	<insert id="insertData" parameterType="community_bean"
		useGeneratedKeys="true" keyProperty="community_no">
		insert into community
		values(#{community_no},#{member_num},#{community_name},#{community_pass},#{community_title},#{community_cont},
		#{community_cip},#{community_cdate},0,#{community_gnum},0,0)
	</insert>


	<update id="updateData" parameterType="community_bean">
		update community
		set
		community_name=#{community_name},community_title=#{community_title},community_cont=#{community_cont}
		where community_no=#{community_no}
	</update>

	<!-- readcnt -->
	<update id="updateReadcnt" parameterType="string">
		update community set
		community_readcnt=community_readcnt + 1
		where
		community_no=#{community_no}
	</update>

	<!-- maxnum -->
	<select id="currentNum" resultType="integer">
		select max(community_no) from
		community
	</select>

	<select id="totalCnt" resultType="integer">
		select count(*) from community
	</select>

	<!-- password -->
	<select id="selectPass" parameterType="string"
		resultType="string">
		select community_pass from community
		where
		community_no=#{community_no}
	</select>

	<!-- reply -->
	<update id="updateOnum" parameterType="community_bean">
		update community set
		community_onum=community_onum + 1
		where community_onum >=
		#{community_onum} and
		community_gnum=#{community_gnum}
	</update>

	<insert id="insertReData" parameterType="community_bean">
		insert into community
		values(#{community_no},#{member_num},#{community_name},#{community_pass},#{community_title},#{community_cont},
		#{community_cip},#{community_cdate},0,#{community_gnum},#{community_onum},#{community_nested})
	</insert>

	<delete id="deleteData" parameterType="string">
		delete from community
		where community_no=#{community_no}
	</delete>

	<!-- resume -->
	<select id="resumelist" parameterType="String"
		resultType="resume_dto">
		select resume_no,resume_title,resume_exp,resume_cert,
		resume_etc,resume_img,date_format(resume_date,"%Y-%m-%d")
		resume_date,member_num
		from resume inner join member on member_no = member_num where member_id =
		#{member_id}
	</select>

	<select id="searchResume" parameterType="String"
		resultType="resume_dto">
		select resume_no,resume_title,resume_exp,resume_cert,resume_etc,resume_img,
		date_format(resume_date,"%Y-%m-%d") resume_date,member_num from resume
		where resume_no = #{resume_no} ORDER BY resume_no DESC
	</select>

	<insert id="insertresume" parameterType="resume_bean">
		insert into
		resume(resume_title,resume_exp,resume_cert,resume_etc,resume_img,resume_date,member_num)
		values(#{resume_title},#{resume_exp},#{resume_cert},#{resume_etc},#{resume_img},now(),
		(select member_no from member where member_id=#{member_id}));
	</insert>

	<delete id="delresume" parameterType="String">
		delete from resume where resume_no = #{resume_no}
	</delete>
	
	<select id="applycheck" parameterType="String" resultType="ckeck_dto">
		select resume_no,emp_name,enter_name,resume_title,enter_no from 
		member inner join resume on member_no=member_num
		inner join apply on resume_no=resume_num
		inner join emp on emp_num=emp_no
		inner join enter on enter_no=enter_num where member_id = #{member_id}
	</select>
</mapper>