<?xml version="1.0" encoding="UTF-8"?>
<!DOCTYPE configuration
PUBLIC "-//mybatis.org//DTD Config 3.0//EN"
"http://mybatis.org/dtd/mybatis-3-config.dtd">

<configuration>
	<typeAliases>
		<!-- member 관련 -->
		<typeAlias type="pack.model.member.ZipcodeDto"
			alias="zip_dto" />
		<typeAlias type="pack.controller.member.ZipcodeBean"
			alias="zip_bean" />
		<typeAlias type="pack.model.member.MemberDto"
			alias="member_dto" />
		<typeAlias type="pack.controller.member.MemberBean"
			alias="member_bean" />

		<!-- 채용 관련 -->
		<typeAlias type="pack.model.emp.EmpDto" alias="emp_dto" />
		<typeAlias type="pack.model.emp.Emp_dtDto" alias="dt_dto" />
		<typeAlias type="pack.controller.emp.EmpBean"
			alias="emp_bean" />

		<!-- 기업 정보 관련 -->
		<typeAlias type="pack.model.enter.EnterDto"
			alias="enter_dto" />
		<typeAlias type="pack.model.enter.ReviewDto"
			alias="review_dto" />
		<typeAlias type="pack.controller.enter.EnterBean"
			alias="enter_bean" />
		<typeAlias type="pack.controller.enter.ReviewBean"
			alias="review_bean" />

		<!-- 커뮤니티 -->
		<typeAlias type="pack.model.community.CommunityDto"
			alias="community_dto" />
		<typeAlias type="pack.controller.community.CommunityBean"
			alias="community_bean" />

		<!-- 이력서 -->
		<typeAlias type="pack.model.resume.ResumeDto"
			alias="resume_dto" />
		<typeAlias type="pack.controller.resume.ResumeBean"
			alias="resume_bean" />
		<typeAlias type="pack.controller.emp.EmpAppBean"
			alias="emp_app_bean" />

		<!-- 지원확인 -->
		<typeAlias type="pack.model.member.ApplyCheckDto"
			alias="ckeck_dto" />

		<typeAlias type="pack.model.emp.ApplyDto"
			alias="apply_dto" />

	</typeAliases>

	<mappers>
		<mapper resource="pack/mybatis/DataMapper.xml" />
	</mappers>
</configuration>